year,hios_id,state,plan_network_access_type,plan_metal,age_group,gender,region,geographic_reporting,clinical_segment,general_agency_name,broker_name,sa_contracting_entity_name,enrollment_length_continuous,new_member_in_period,member_called_oscar,member_used_app,member_had_web_login,member_visited_new_provider_ind,high_cost_member,mutually_exclusive_hcc_condition,wisconsin_area_deprivation_index,claim_type,major_service_category,provider_specialty,detailed_service_category,ms_drg,ms_drg_mdc,cpt,cpt_consumer_description,procedure_level_1,procedure_level_2,procedure_level_3,procedure_level_4,procedure_level_5,channel,drug_name,drug_class,drug_subclass,drug_name_full,is_out_of_network,best_contracting_entity_name,provider_group_name,ccsr_system_description,ccsr_description,charges,denied_charges,allowed,count_of_denied_claims,count_of_claims,out_of_network_allowed,utilization,units_days,avg_days_service_to_paid
2024,1012062986,VA,HMO,Platinum,55-64,M,South,VA,Healthy,Health Advantage,Acme Brokerage,Strategic Alliance C,9,0,0,1,0,1,0,Diabetes,2,Facility,Radiology,Oncology,Generic Medication,293 Heart failure & shock w/o CC/MCC,8 Diseases & disorders of the musculoskeletal system & connective tissue,80050,General health panel,Medicine,Diagnostic,Other,N/A,N/A,OP,,,,,0,Strategic Alliance C,Northside Physicians,Musculoskeletal system - Osteoarthritis,RSP002 - Pneumonia (excluding tuberculosis),2096.13,0.0,1824.27,0,1,0.0,1,2,29.0000000000000000
2024,1025948643,MI,PPO,Bronze,35-44,F,Midwest,MI,Healthy,,HealthLink Brokers,Strategic Alliance C,5,1,0,1,1,1,0,CHF,1,Facility,Radiology,OB/GYN,Cardiac Imaging,470 Major joint replacement or reattachment of lower extremity w/o MCC,5 Diseases & disorders of the circulatory system,71046,Chest X-ray,Medicine,Diagnostic,Imaging,N/A,N/A,OP,,,,,0,Strategic Alliance C,Downtown Medical Group,Respiratory system - Pneumonia,MUS004 - Osteoarthritis,4617.64,0.0,2866.48,0,1,0.0,1,3,35.0000000000000000
2024,1034175012,OK,EPO,Bronze,<18,F,South,OK,Healthy,Wellness Group,,Strategic Alliance A,3,1,1,1,0,0,0,Diabetes,1,Professional,Evaluation & Management,Oncology,Infusion Therapy,194 Simple pneumonia & pleurisy w MCC,4 Diseases & disorders of the respiratory system,93000,"Electrocardiogram, complete",Medicine,Diagnostic,Imaging,N/A,N/A,OP,,,,,0,Strategic Alliance B,Northside Physicians,Circulatory system - Hypertensive disease,CIR007 - Essential hypertension,0.0,2115.35,1296.34,0,1,0.0,1,4,
2024,1034175012,OK,EPO,Bronze,<18,F,South,OK,Healthy,Wellness Group,,Strategic Alliance A,3,1,1,1,0,0,0,Diabetes,1,Professional,Outpatient,OB/GYN,Office Visit New,293 Heart failure & shock w/o CC/MCC,5 Diseases & disorders of the circulatory system,93000,"Electrocardiogram, complete",Medicine,Diagnostic,Imaging,N/A,N/A,OP,,,,,0,Strategic Alliance C,Downtown Medical Group,Circulatory system - Hypertensive disease,MUS004 - Osteoarthritis,4173.72,0.0,2405.24,0,1,0.0,1,3,25.0000000000000000
2024,1039925815,SD,EPO,Gold,65+,F,Midwest,SD,Behavioral,Wellness Group,Prime Advisors,Strategic Alliance A,7,0,0,1,1,0,0,CHF,7,Professional,Evaluation & Management,Gastroenterology,Brand Medication,292 Heart failure & shock w CC,4 Diseases & disorders of the respiratory system,36415,Collection of venous blood,Medicine,Diagnostic,Other,N/A,N/A,OP,,,,,0,Strategic Alliance B,Northside Physicians,Respiratory system - Pneumonia,MUS004 - Osteoarthritis,3167.15,0.0,2108.28,0,1,0.0,1,4,51.0000000000000000
2024,1039925815,SD,EPO,Gold,65+,F,Midwest,SD,Behavioral,Wellness Group,Prime Advisors,Strategic Alliance A,7,0,0,1,1,0,0,CHF,7,Professional,Surgery,Internal Medicine,Basic Metabolic Panel,194 Simple pneumonia & pleurisy w MCC,5 Diseases & disorders of the circulatory system,12001,Simple repair of superficial wounds,Surgery,Diagnostic,Other,Surgical Procedure,Simple Repair,OP,,,,,0,Strategic Alliance B,Downtown Medical Group,Circulatory system - Hypertensive disease,MUS004 - Osteoarthritis,4735.28,0.0,3902.19,0,1,0.0,1,4,52.0000000000000000
2024,1064134179,ND,PPO,Platinum,65+,O,Midwest,ND,Healthy,Care Partners,Acme Brokerage,Strategic Alliance B,4,1,1,1,0,0,0,Diabetes,8,Professional,Outpatient,Cardiology,Basic Metabolic Panel,194 Simple pneumonia & pleurisy w MCC,4 Diseases & disorders of the respiratory system,93000,"Electrocardiogram, complete",Medicine,Diagnostic,Imaging,N/A,N/A,OP,,,,,0,Strategic Alliance C,Regional Health Network,Circulatory system - Hypertensive disease,RSP002 - Pneumonia (excluding tuberculosis),3871.88,0.0,2951.28,0,1,0.0,1,2,33.0000000000000000
2024,1105158650,NY,EPO,Silver,26-34,M,Northeast,NY,Chronic,Premier Agency,Value Health Brokers,,10,0,1,1,0,0,0,COPD,1,Professional,Medicine,OB/GYN,Cardiac Imaging,292 Heart failure & shock w CC,5 Diseases & disorders of the circulatory system,93000,"Electrocardiogram, complete",Medicine,Diagnostic,Imaging,N/A,N/A,OP,,,,,0,Strategic Alliance B,Regional Health Network,Musculoskeletal system - Osteoarthritis,RSP002 - Pneumonia (excluding tuberculosis),2010.62,0.0,1810.75,0,1,0.0,1,1,25.0000000000000000
2024,1159194899,MN,HMO,Bronze,65+,O,Midwest,MN,Maternity,,HealthLink Brokers,Strategic Alliance C,9,0,0,0,0,0,0,COPD,4,Facility,Surgery,Cardiology,Office Visit Established,292 Heart failure & shock w CC,4 Diseases & disorders of the respiratory system,12001,Simple repair of superficial wounds,Surgery,Diagnostic,Other,Surgical Procedure,Simple Repair,OP,,,,,0,Strategic Alliance B,Regional Health Network,Musculoskeletal system - Osteoarthritis,CIR007 - Essential hypertension,3141.44,0.0,2331.94,0,1,0.0,1,4,52.0000000000000000
2024,1159194899,MN,HMO,Bronze,65+,O,Midwest,MN,Maternity,,HealthLink Brokers,Strategic Alliance C,9,0,0,0,0,0,0,COPD,4,Professional,Anesthesia,Family Medicine,Cardiac Imaging,194 Simple pneumonia & pleurisy w MCC,5 Diseases & disorders of the circulatory system,80050,General health panel,Medicine,Diagnostic,Other,N/A,N/A,OP,,,,,1,Strategic Alliance A,CareOne Partners,Musculoskeletal system - Osteoarthritis,CIR007 - Essential hypertension,596.02,0.0,586.57,0,1,586.57,1,4,48.0000000000000000
2024,1159194899,MN,HMO,Bronze,65+,O,Midwest,MN,Maternity,,HealthLink Brokers,Strategic Alliance C,9,0,0,0,0,0,0,COPD,4,Professional,Medicine,Neurology,Brand Medication,470 Major joint replacement or reattachment of lower extremity w/o MCC,8 Diseases & disorders of the musculoskeletal system & connective tissue,36415,Collection of venous blood,Medicine,Diagnostic,Other,N/A,N/A,OP,,,,,0,Strategic Alliance A,Regional Health Network,Respiratory system - Pneumonia,CIR007 - Essential hypertension,0.0,1823.27,1361.34,1,1,0.0,1,5,
2024,1195753852,WI,PPO,Silver,45-54,F,Midwest,WI,Chronic,Care Partners,Prime Advisors,Strategic Alliance B,9,0,0,1,0,1,0,CKD,9,Professional,Inpatient,Orthopedics,Basic Metabolic Panel,292 Heart failure & shock w CC,4 Diseases & disorders of the respiratory system,99214,"Established patient office visit, moderate complexity",Medicine,Office Services,Other,N/A,N/A,OP,,,,,0,Strategic Alliance B,Northside Physicians,Circulatory system - Hypertensive disease,RSP002 - Pneumonia (excluding tuberculosis),4918.44,0.0,4121.64,0,1,0.0,1,5,17.0000000000000000
2024,1195753852,WI,PPO,Silver,45-54,F,Midwest,WI,Chronic,Care Partners,Prime Advisors,Strategic Alliance B,9,0,0,1,0,1,0,CKD,9,Professional,Radiology,Internal Medicine,CT Scan,291 Heart failure & shock w MCC,4 Diseases & disorders of the respiratory system,80050,General health panel,Medicine,Diagnostic,Other,N/A,N/A,OP,,,,,0,Strategic Alliance A,CareOne Partners,Musculoskeletal system - Osteoarthritis,MUS004 - Osteoarthritis,2318.84,0.0,1265.81,0,1,0.0,1,1,26.0000000000000000
2024,1312096428,TN,HMO,Gold,65+,F,South,TN,Chronic,Health Advantage,,,2,1,0,1,0,0,0,,3,Professional,Radiology,Orthopedics,Brand Medication,194 Simple pneumonia & pleurisy w MCC,8 Diseases & disorders of the musculoskeletal system & connective tissue,71046,Chest X-ray,Medicine,Diagnostic,Imaging,N/A,N/A,OP,,,,,0,Strategic Alliance A,Downtown Medical Group,Musculoskeletal system - Osteoarthritis,MUS004 - Osteoarthritis,1647.65,0.0,1647.43,0,1,0.0,1,2,19.0000000000000000
2024,1312254766,KS,PPO,Bronze,65+,O,Midwest,KS,Complex,,Acme Brokerage,Strategic Alliance A,11,0,0,0,0,0,0,,9,Professional,Radiology,Oncology,MRI,470 Major joint replacement or reattachment of lower extremity w/o MCC,4 Diseases & disorders of the respiratory system,99214,"Established patient office visit, moderate complexity",Medicine,Office Services,Other,N/A,N/A,OP,,,,,0,Strategic Alliance C,CareOne Partners,Respiratory system - Pneumonia,CIR007 - Essential hypertension,0.0,958.35,691.92,1,1,0.0,1,2,
2024,1317719743,WV,EPO,Gold,65+,M,South,WV,Complex,Health Advantage,HealthLink Brokers,,5,1,1,0,0,0,0,Diabetes,9,Professional,Pathology & Lab,Neurology,MRI,470 Major joint replacement or reattachment of lower extremity w/o MCC,5 Diseases & disorders of the circulatory system,36415,Collection of venous blood,Medicine,Diagnostic,Other,N/A,N/A,OP,,,,,0,Strategic Alliance A,CareOne Partners,Respiratory system - Pneumonia,CIR007 - Essential hypertension,0.0,2800.79,2611.86,1,1,0.0,1,5,
2024,1317719743,WV,EPO,Gold,65+,M,South,WV,Complex,Health Advantage,HealthLink Brokers,,5,1,1,0,0,0,0,Diabetes,9,Professional,Pharmacy,Pediatrics,Generic Medication,194 Simple pneumonia & pleurisy w MCC,4 Diseases & disorders of the respiratory system,80050,General health panel,Medicine,Diagnostic,Other,N/A,N/A,OP,,,,,0,Strategic Alliance A,Downtown Medical Group,Musculoskeletal system - Osteoarthritis,MUS004 - Osteoarthritis,0.0,3727.47,2757.49,0,1,0.0,1,2,
2024,1324286724,VI,EPO,Bronze,65+,O,West,VI,Chronic,Wellness Group,,,8,0,0,1,1,0,0,CHF,8,Professional,Emergency,Oncology,Physical Therapy,292 Heart failure & shock w CC,5 Diseases & disorders of the circulatory system,93000,"Electrocardiogram, complete",Medicine,Diagnostic,Imaging,N/A,N/A,OP,,,,,0,Strategic Alliance C,Downtown Medical Group,Circulatory system - Hypertensive disease,MUS004 - Osteoarthritis,4202.36,0.0,2519.69,0,1,0.0,1,1,15.0000000000000000
2024,1381025142,MI,PPO,Silver,35-44,O,Midwest,MI,Chronic,Wellness Group,HealthLink Brokers,,10,0,1,1,1,0,0,Diabetes,10,RX,Pharmacy,Pharmacy,CT Scan,194 Simple pneumonia & pleurisy w MCC,8 Diseases & disorders of the musculoskeletal system & connective tissue,12001,Simple repair of superficial wounds,Surgery,Diagnostic,Other,Surgical Procedure,Simple Repair,OP,Atorvastatin,Antihyperlipidemics,Statins,Atorvastatin,0,Strategic Alliance A,CareOne Partners,Musculoskeletal system - Osteoarthritis,CIR007 - Essential hypertension,0.0,2157.42,1804.57,0,1,0.0,1,3,
2024,1381168356,ME,POS,Bronze,<18,F,Northeast,ME,Healthy,Care Partners,,Strategic Alliance B,7,0,0,0,0,1,0,CHF,7,Professional,Radiology,Cardiology,Office Visit New,291 Heart failure & shock w MCC,5 Diseases & disorders of the circulatory system,36415,Collection of venous blood,Medicine,Diagnostic,Other,N/A,N/A,OP,,,,,0,Strategic Alliance A,CareOne Partners,Musculoskeletal system - Osteoarthritis,CIR007 - Essential hypertension,3443.84,0.0,1919.01,0,1,0.0,1,1,42.0000000000000000
